t_s,omega_x,omega_y,omega_z
  0.00000000E+00,  1.00000000E-04,  1.00000000E-01,  1.00000000E-04
  1.00000000E+00,  7.02701384E-05,  1.00000017E-01,  9.82981493E-05
  2.00000000E+00,  4.09621045E-05,  1.00000028E-01,  9.71863824E-05
  3.00000000E+00,  1.18999640E-05,  1.00000033E-01,  9.66580258E-05
  4.00000000E+00, -1.70907417E-05,  1.00000032E-01,  9.67099076E-05
  5.00000000E+00, -4.61840423E-05,  1.00000026E-01,  9.73423395E-05
  6.00000000E+00, -7.55545831E-05,  1.00000014E-01,  9.85591176E-05
  7.00000000E+00, -1.05378674E-04,  9.99999963E-02,  1.00367546E-04
  8.00000000E+00, -1.35835346E-04,  9.99999718E-02,  1.02778481E-04
  9.00000000E+00, -1.67107429E-04,  9.99999403E-02,  1.05806393E-04
  1.00000000E+01, -1.99382646E-04,  9.99999008E-02,  1.09469460E-04
  1.10000000E+01, -2.32854740E-04,  9.99998526E-02,  1.13789669E-04
  1.20000000E+01, -2.67724639E-04,  9.99997944E-02,  1.18792952E-04
  1.30000000E+01, -3.04201659E-04,  9.99997249E-02,  1.24509344E-04
  1.40000000E+01, -3.42504764E-04,  9.99996423E-02,  1.30973156E-04
  1.50000000E+01, -3.82863874E-04,  9.99995447E-02,  1.38223188E-04
  1.60000000E+01, -4.25521252E-04,  9.99994298E-02,  1.46302959E-04
  1.70000000E+01, -4.70732949E-04,  9.99992947E-02,  1.55260965E-04
  1.80000000E+01, -5.18770349E-04,  9.99991363E-02,  1.65150976E-04
  1.90000000E+01, -5.69921787E-04,  9.99989506E-02,  1.76032354E-04
  2.00000000E+01, -6.24494288E-04,  9.99987333E-02,  1.87970408E-04
  2.10000000E+01, -6.82815399E-04,  9.99984792E-02,  2.01036791E-04
  2.20000000E+01, -7.45235161E-04,  9.99981821E-02,  2.15309923E-04
  2.30000000E+01, -8.12128197E-04,  9.99978348E-02,  2.30875466E-04
  2.40000000E+01, -8.83895967E-04,  9.99974291E-02,  2.47826832E-04
  2.50000000E+01, -9.60969163E-04,  9.99969551E-02,  2.66265748E-04
  2.60000000E+01, -1.04381029E-03,  9.99964015E-02,  2.86302862E-04
  2.70000000E+01, -1.13291645E-03,  9.99957549E-02,  3.08058401E-04
  2.80000000E+01, -1.22882227E-03,  9.99949999E-02,  3.31662899E-04
  2.90000000E+01, -1.33210316E-03,  9.99941182E-02,  3.57257968E-04
  3.00000000E+01, -1.44337870E-03,  9.99930886E-02,  3.84997149E-04
  3.10000000E+01, -1.56331634E-03,  9.99918865E-02,  4.15046824E-04
  3.20000000E+01, -1.69263542E-03,  9.99904828E-02,  4.47587211E-04
  3.30000000E+01, -1.83211141E-03,  9.99888439E-02,  4.82813436E-04
  3.40000000E+01, -1.98258052E-03,  9.99869304E-02,  5.20936689E-04
  3.50000000E+01, -2.14494469E-03,  9.99846962E-02,  5.62185481E-04
  3.60000000E+01, -2.32017692E-03,  9.99820877E-02,  6.06806995E-04
  3.70000000E+01, -2.50932701E-03,  9.99790421E-02,  6.55068548E-04
  3.80000000E+01, -2.71352776E-03,  9.99754862E-02,  7.07259164E-04
  3.90000000E+01, -2.93400160E-03,  9.99713347E-02,  7.63691273E-04
  4.00000000E+01, -3.17206781E-03,  9.99664877E-02,  8.24702539E-04
  4.10000000E+01, -3.42915011E-03,  9.99608288E-02,  8.90657826E-04
  4.20000000E+01, -3.70678499E-03,  9.99542220E-02,  9.61951315E-04
  4.30000000E+01, -4.00663057E-03,  9.99465087E-02,  1.03900878E-03
  4.40000000E+01, -4.33047603E-03,  9.99375037E-02,  1.12229000E-03
  4.50000000E+01, -4.68025182E-03,  9.99269908E-02,  1.21229142E-03
  4.60000000E+01, -5.05804050E-03,  9.99147177E-02,  1.30954887E-03
  4.70000000E+01, -5.46608829E-03,  9.99003900E-02,  1.41464062E-03
  4.80000000E+01, -5.90681742E-03,  9.98836640E-02,  1.52819048E-03
  4.90000000E+01, -6.38283917E-03,  9.98641389E-02,  1.65087120E-03
  5.00000000E+01, -6.89696770E-03,  9.98413469E-02,  1.78340804E-03
  5.10000000E+01, -7.45223460E-03,  9.98147424E-02,  1.92658248E-03
  5.20000000E+01, -8.05190414E-03,  9.97836888E-02,  2.08123618E-03
  5.30000000E+01, -8.69948913E-03,  9.97474440E-02,  2.24827506E-03
  5.40000000E+01, -9.39876738E-03,  9.97051425E-02,  2.42867355E-03
  5.50000000E+01, -1.01537984E-02,  9.96557755E-02,  2.62347889E-03
  5.60000000E+01, -1.09689406E-02,  9.95981671E-02,  2.83381553E-03
  5.70000000E+01, -1.18488676E-02,  9.95309477E-02,  3.06088946E-03
  5.80000000E+01, -1.27985854E-02,  9.94525220E-02,  3.30599243E-03
  5.90000000E+01, -1.38234470E-02,  9.93610330E-02,  3.57050592E-03
  6.00000000E+01, -1.49291664E-02,  9.92543198E-02,  3.85590465E-03
  6.10000000E+01, -1.61218298E-02,  9.91298697E-02,  4.16375949E-03
  6.20000000E+01, -1.74079031E-02,  9.89847628E-02,  4.49573938E-03
  6.30000000E+01, -1.87942343E-02,  9.88156086E-02,  4.85361200E-03
  6.40000000E+01, -2.02880496E-02,  9.86184737E-02,  5.23924266E-03
  6.50000000E+01, -2.18969401E-02,  9.83888002E-02,  5.65459097E-03
  6.60000000E+01, -2.36288371E-02,  9.81213129E-02,  6.10170438E-03
  6.70000000E+01, -2.54919724E-02,  9.78099155E-02,  6.58270793E-03
  6.80000000E+01, -2.74948191E-02,  9.74475754E-02,  7.09978910E-03
  6.90000000E+01, -2.96460095E-02,  9.70261962E-02,  7.65517637E-03
  7.00000000E+01, -3.19542219E-02,  9.65364791E-02,  8.25111023E-03
  7.10000000E+01, -3.44280318E-02,  9.59677745E-02,  8.88980456E-03
  7.20000000E+01, -3.70757178E-02,  9.53079261E-02,  9.57339663E-03
  7.30000000E+01, -3.99050139E-02,  9.45431114E-02,  1.03038832E-02
  7.40000000E+01, -4.29227996E-02,  9.36576862E-02,  1.10830403E-02
  7.50000000E+01, -4.61347151E-02,  9.26340400E-02,  1.19123240E-02
  7.60000000E+01, -4.95446937E-02,  9.14524770E-02,  1.27927497E-02
  7.70000000E+01, -5.31544024E-02,  9.00911372E-02,  1.37247477E-02
  7.80000000E+01, -5.69625834E-02,  8.85259815E-02,  1.47079931E-02
  7.90000000E+01, -6.09642973E-02,  8.67308651E-02,  1.57412104E-02
  8.00000000E+01, -6.51500737E-02,  8.46777338E-02,  1.68219541E-02
  8.10000000E+01, -6.95049867E-02,  8.23369776E-02,  1.79463704E-02
  8.20000000E+01, -7.40076910E-02,  7.96779839E-02,  1.91089479E-02
  8.30000000E+01, -7.86294689E-02,  7.66699272E-02,  2.03022714E-02
  8.40000000E+01, -8.33333663E-02,  7.32828313E-02,  2.15167996E-02
  8.50000000E+01, -8.80735185E-02,  6.94889216E-02,  2.27406899E-02
  8.60000000E+01, -9.27947911E-02,  6.52642666E-02,  2.39597068E-02
  8.70000000E+01, -9.74328783E-02,  6.05906716E-02,  2.51572465E-02
  8.80000000E+01, -1.01915005E-01,  5.54577421E-02,  2.63145185E-02
  8.90000000E+01, -1.06161363E-01,  4.98649844E-02,  2.74109163E-02
  9.00000000E+01, -1.10087363E-01,  4.38237577E-02,  2.84245990E-02
  9.10000000E+01, -1.13606711E-01,  3.73588480E-02,  2.93332857E-02
  9.20000000E+01, -1.16635215E-01,  3.05094162E-02,  3.01152379E-02
  9.30000000E+01, -1.19095090E-01,  2.33290876E-02,  3.07503718E-02
  9.40000000E+01, -1.20919434E-01,  1.58850142E-02,  3.12214130E-02
  9.50000000E+01, -1.22056428E-01,  8.25584234E-03,  3.15149823E-02
  9.60000000E+01, -1.22472816E-01,  5.28663370E-04,  3.16224928E-02
  9.70000000E+01, -1.22156234E-01, -7.20483412E-03,  3.15407520E-02
  9.80000000E+01, -1.21116092E-01, -1.48526622E-02,  3.12721896E-02
  9.90000000E+01, -1.19382900E-01, -2.23268611E-02,  3.08246837E-02
  1.00000000E+02, -1.17006128E-01, -2.95474312E-02,  3.02110068E-02
  1.01000000E+02, -1.14050855E-01, -3.64455077E-02,  2.94479625E-02
  1.02000000E+02, -1.10593642E-01, -4.29655391E-02,  2.85553190E-02
  1.03000000E+02, -1.06718070E-01, -4.90663741E-02,  2.75546565E-02
  1.04000000E+02, -1.02510382E-01, -5.47213033E-02,  2.64682432E-02
  1.05000000E+02, -9.80556006E-02, -5.99172161E-02,  2.53180315E-02
  1.06000000E+02, -9.34343378E-02, -6.46530975E-02,  2.41248357E-02
  1.07000000E+02, -8.87204309E-02, -6.89381130E-02,  2.29077205E-02
  1.08000000E+02, -8.39793983E-02, -7.27895169E-02,  2.16836026E-02
  1.09000000E+02, -7.92676442E-02, -7.62305739E-02,  2.04670457E-02
  1.10000000E+02, -7.46322860E-02, -7.92886368E-02,  1.92702155E-02
  1.11000000E+02, -7.01114600E-02, -8.19934679E-02,  1.81029589E-02
  1.12000000E+02, -6.57349605E-02, -8.43758456E-02,  1.69729688E-02
  1.13000000E+02, -6.15250840E-02, -8.64664638E-02,  1.58860021E-02
  1.14000000E+02, -5.74975753E-02, -8.82951068E-02,  1.48461245E-02
  1.15000000E+02, -5.36625939E-02, -8.98900663E-02,  1.38559590E-02
  1.16000000E+02, -5.00256456E-02, -9.12777621E-02,  1.29169274E-02
  1.17000000E+02, -4.65884439E-02, -9.24825277E-02,  1.20294724E-02
  1.18000000E+02, -4.33496801E-02, -9.35265211E-02,  1.11932562E-02
  1.19000000E+02, -4.03056950E-02, -9.44297303E-02,  1.04073341E-02
  1.20000000E+02, -3.74510520E-02, -9.52100440E-02,  9.67030263E-03
  1.21000000E+02, -3.47790164E-02, -9.58833667E-02,  8.98042308E-03
  1.22000000E+02, -3.22819508E-02, -9.64637606E-02,  8.33572372E-03
  1.23000000E+02, -2.99516352E-02, -9.69635999E-02,  7.73408236E-03
  1.24000000E+02, -2.77795220E-02, -9.73937307E-02,  7.17329234E-03
  1.25000000E+02, -2.57569374E-02, -9.77636271E-02,  6.65111430E-03
  1.26000000E+02, -2.38752353E-02, -9.80815414E-02,  6.16531621E-03
  1.27000000E+02, -2.21259153E-02, -9.83546436E-02,  5.71370358E-03
  1.28000000E+02, -2.05007089E-02, -9.85891506E-02,  5.29414184E-03
  1.29000000E+02, -1.89916410E-02, -9.87904434E-02,  4.90457222E-03
  1.30000000E+02, -1.75910724E-02, -9.89631722E-02,  4.54302269E-03
  1.31000000E+02, -1.62917259E-02, -9.91113504E-02,  4.20761480E-03
  1.32000000E+02, -1.50867016E-02, -9.92384382E-02,  3.89656743E-03
  1.33000000E+02, -1.39694814E-02, -9.93474160E-02,  3.60819817E-03
  1.34000000E+02, -1.29339276E-02, -9.94408485E-02,  3.34092286E-03
  1.35000000E+02, -1.19742760E-02, -9.95209416E-02,  3.09325380E-03
  1.36000000E+02, -1.10851251E-02, -9.95895912E-02,  2.86379699E-03
  1.37000000E+02, -1.02614224E-02, -9.96484260E-02,  2.65124864E-03
  1.38000000E+02, -9.49844988E-03, -9.96988447E-02,  2.45439131E-03
  1.39000000E+02, -8.79180707E-03, -9.97420477E-02,  2.27208966E-03
  1.40000000E+02, -8.13739466E-03, -9.97790653E-02,  2.10328619E-03
  1.41000000E+02, -7.53139739E-03, -9.98107812E-02,  1.94699678E-03
  1.42000000E+02, -6.97026725E-03, -9.98379533E-02,  1.80230640E-03
  1.43000000E+02, -6.45070700E-03, -9.98612316E-02,  1.66836488E-03
  1.44000000E+02, -5.96965419E-03, -9.98811735E-02,  1.54438275E-03
  1.45000000E+02, -5.52426586E-03, -9.98982565E-02,  1.42962730E-03
  1.46000000E+02, -5.11190388E-03, -9.99128902E-02,  1.32341884E-03
  1.47000000E+02, -4.73012098E-03, -9.99254254E-02,  1.22512706E-03
  1.48000000E+02, -4.37664767E-03, -9.99361628E-02,  1.13416768E-03
  1.49000000E+02, -4.04937975E-03, -9.99453602E-02,  1.04999925E-03
  1.50000000E+02, -3.74636666E-03, -9.99532382E-02,  9.72120128E-04
  1.51000000E+02, -3.46580054E-03, -9.99599861E-02,  9.00065678E-04
  1.52000000E+02, -3.20600596E-03, -9.99657659E-02,  8.33405633E-04
  1.53000000E+02, -2.96543039E-03, -9.99707165E-02,  7.71741640E-04
  1.54000000E+02, -2.74263517E-03, -9.99749567E-02,  7.14704958E-04
  1.55000000E+02, -2.53628726E-03, -9.99785885E-02,  6.61954331E-04
  1.56000000E+02, -2.34515143E-03, -9.99816992E-02,  6.13173995E-04
  1.57000000E+02, -2.16808306E-03, -9.99843635E-02,  5.68071834E-04
  1.58000000E+02, -2.00402138E-03, -9.99866454E-02,  5.26377664E-04
  1.59000000E+02, -1.85198327E-03, -9.99885999E-02,  4.87841642E-04
  1.60000000E+02, -1.71105741E-03, -9.99902738E-02,  4.52232790E-04
  1.61000000E+02, -1.58039891E-03, -9.99917075E-02,  4.19337630E-04
  1.62000000E+02, -1.45922429E-03, -9.99929353E-02,  3.88958912E-04
  1.63000000E+02, -1.34680682E-03, -9.99939869E-02,  3.60914451E-04
  1.64000000E+02, -1.24247220E-03, -9.99948874E-02,  3.35036035E-04
  1.65000000E+02, -1.14559453E-03, -9.99956586E-02,  3.11168425E-04
  1.66000000E+02, -1.05559260E-03, -9.99963190E-02,  2.89168433E-04
  1.67000000E+02, -9.71926392E-04, -9.99968845E-02,  2.68904061E-04
  1.68000000E+02, -8.94093868E-04, -9.99973686E-02,  2.50253717E-04
  1.69000000E+02, -8.21627969E-04, -9.99977831E-02,  2.33105487E-04
  1.70000000E+02, -7.54093814E-04, -9.99981378E-02,  2.17356463E-04
  1.71000000E+02, -6.91086100E-04, -9.99984413E-02,  2.02912132E-04
  1.72000000E+02, -6.32226675E-04, -9.99987010E-02,  1.89685805E-04
  1.73000000E+02, -5.77162271E-04, -9.99989229E-02,  1.77598102E-04
  1.74000000E+02, -5.25562387E-04, -9.99991126E-02,  1.66576473E-04
  1.75000000E+02, -4.77117311E-04, -9.99992745E-02,  1.56554767E-04
  1.76000000E+02, -4.31536257E-04, -9.99994126E-02,  1.47472832E-04
  1.77000000E+02, -3.88545629E-04, -9.99995301E-02,  1.39276154E-04
  1.78000000E+02, -3.47887373E-04, -9.99996299E-02,  1.31915535E-04
  1.79000000E+02, -3.09317433E-04, -9.99997144E-02,  1.25346792E-04
  1.80000000E+02, -2.72604286E-04, -9.99997856E-02,  1.19530497E-04
  1.81000000E+02, -2.37527551E-04, -9.99998453E-02,  1.14431737E-04
  1.82000000E+02, -2.03876672E-04, -9.99998948E-02,  1.10019906E-04
  1.83000000E+02, -1.71449647E-04, -9.99999353E-02,  1.06268522E-04
  1.84000000E+02, -1.40051821E-04, -9.99999680E-02,  1.03155065E-04
  1.85000000E+02, -1.09494717E-04, -9.99999934E-02,  1.00660847E-04
  1.86000000E+02, -7.95949029E-05, -1.00000012E-01,  9.87708960E-05
  1.87000000E+02, -5.01728925E-05, -1.00000025E-01,  9.74738663E-05
  1.88000000E+02, -2.10520672E-05, -1.00000032E-01,  9.67619724E-05
  1.89000000E+02,  7.94238356E-06, -1.00000033E-01,  9.66309410E-05
  1.90000000E+02,  3.69845121E-05, -1.00000029E-01,  9.70799856E-05
  1.91000000E+02,  6.62486566E-05, -1.00000019E-01,  9.81118017E-05
  1.92000000E+02,  9.59104882E-05, -1.00000003E-01,  9.97325830E-05
  1.93000000E+02,  1.26148065E-04, -9.99999803E-02,  1.01952059E-04
  1.94000000E+02,  1.57142900E-04, -9.99999510E-02,  1.04783552E-04
  1.95000000E+02,  1.89081053E-04, -9.99999142E-02,  1.08244059E-04
  1.96000000E+02,  2.22154244E-04, -9.99998688E-02,  1.12354353E-04
  1.97000000E+02,  2.56561007E-04, -9.99998139E-02,  1.17139105E-04
  1.98000000E+02,  2.92507878E-04, -9.99997481E-02,  1.22627039E-04
  1.99000000E+02,  3.30210640E-04, -9.99996699E-02,  1.28851094E-04
  2.00000000E+02,  3.69895609E-04, -9.99995773E-02,  1.35848632E-04
  2.01000000E+02,  4.11801002E-04, -9.99994681E-02,  1.43661655E-04
  2.02000000E+02,  4.56178359E-04, -9.99993397E-02,  1.52337059E-04
  2.03000000E+02,  5.03294055E-04, -9.99991890E-02,  1.61926919E-04
  2.04000000E+02,  5.53430896E-04, -9.99990124E-02,  1.72488793E-04
  2.05000000E+02,  6.06889819E-04, -9.99988056E-02,  1.84086076E-04
  2.06000000E+02,  6.63991689E-04, -9.99985637E-02,  1.96788374E-04
  2.07000000E+02,  7.25079232E-04, -9.99982809E-02,  2.10671924E-04
  2.08000000E+02,  7.90519082E-04, -9.99979502E-02,  2.25820049E-04
  2.09000000E+02,  8.60703979E-04, -9.99975639E-02,  2.42323660E-04
  2.10000000E+02,  9.36055125E-04, -9.99971126E-02,  2.60281796E-04
  2.11000000E+02,  1.01702470E-03, -9.99965855E-02,  2.79802221E-04
  2.12000000E+02,  1.10409858E-03, -9.99959698E-02,  3.01002068E-04
  2.13000000E+02,  1.19779922E-03, -9.99952508E-02,  3.24008537E-04
  2.14000000E+02,  1.29868881E-03, -9.99944112E-02,  3.48959656E-04
  2.15000000E+02,  1.40737260E-03, -9.99934308E-02,  3.76005109E-04
  2.16000000E+02,  1.52450253E-03, -9.99922860E-02,  4.05307123E-04
  2.17000000E+02,  1.65078112E-03, -9.99909493E-02,  4.37041441E-04
  2.18000000E+02,  1.78696565E-03, -9.99893886E-02,  4.71398363E-04
  2.19000000E+02,  1.93387266E-03, -9.99875663E-02,  5.08583880E-04
  2.20000000E+02,  2.09238278E-03, -9.99854387E-02,  5.48820900E-04
  2.21000000E+02,  2.26344601E-03, -9.99829546E-02,  5.92350563E-04
  2.22000000E+02,  2.44808726E-03, -9.99800542E-02,  6.39433668E-04
  2.23000000E+02,  2.64741246E-03, -9.99766680E-02,  6.90352216E-04
  2.24000000E+02,  2.86261502E-03, -9.99727144E-02,  7.45411061E-04
  2.25000000E+02,  3.09498285E-03, -9.99680985E-02,  8.04939701E-04
  2.26000000E+02,  3.34590586E-03, -9.99627094E-02,  8.69294198E-04
  2.27000000E+02,  3.61688406E-03, -9.99564177E-02,  9.38859247E-04
  2.28000000E+02,  3.90953618E-03, -9.99490721E-02,  1.01405040E-03
  2.29000000E+02,  4.22560901E-03, -9.99404964E-02,  1.09531644E-03
  2.30000000E+02,  4.56698728E-03, -9.99304846E-02,  1.18314194E-03
  2.31000000E+02,  4.93570435E-03, -9.99187964E-02,  1.27805001E-03
  2.32000000E+02,  5.33395353E-03, -9.99051515E-02,  1.38060519E-03
  2.33000000E+02,  5.76410015E-03, -9.98892225E-02,  1.49141656E-03
  2.34000000E+02,  6.22869438E-03, -9.98706275E-02,  1.61114108E-03
  2.35000000E+02,  6.73048486E-03, -9.98489211E-02,  1.74048703E-03
  2.36000000E+02,  7.27243296E-03, -9.98235834E-02,  1.88021774E-03
  2.37000000E+02,  7.85772787E-03, -9.97940082E-02,  2.03115546E-03
  2.38000000E+02,  8.48980224E-03, -9.97594883E-02,  2.19418538E-03
  2.39000000E+02,  9.17234848E-03, -9.97191992E-02,  2.37025985E-03
  2.40000000E+02,  9.90933544E-03, -9.96721796E-02,  2.56040269E-03
  2.41000000E+02,  1.07050253E-02, -9.96173092E-02,  2.76571349E-03
  2.42000000E+02,  1.15639906E-02, -9.95532826E-02,  2.98737208E-03
  2.43000000E+02,  1.24911307E-02, -9.94785794E-02,  3.22664269E-03
  2.44000000E+02,  1.34916875E-02, -9.93914294E-02,  3.48487811E-03
  2.45000000E+02,  1.45712598E-02, -9.92897725E-02,  3.76352329E-03
  2.46000000E+02,  1.57358155E-02, -9.91712126E-02,  4.06411851E-03
  2.47000000E+02,  1.69917000E-02, -9.90329647E-02,  4.38830163E-03
  2.48000000E+02,  1.83456409E-02, -9.88717940E-02,  4.73780919E-03
  2.49000000E+02,  1.98047461E-02, -9.86839468E-02,  5.11447598E-03
  2.50000000E+02,  2.13764937E-02, -9.84650717E-02,  5.52023237E-03
  2.51000000E+02,  2.30687110E-02, -9.82101304E-02,  5.95709900E-03
  2.52000000E+02,  2.48895405E-02, -9.79132976E-02,  6.42717784E-03
  2.53000000E+02,  2.68473868E-02, -9.75678493E-02,  6.93263864E-03
  2.54000000E+02,  2.89508427E-02, -9.71660390E-02,  7.47569970E-03
  2.55000000E+02,  3.12085861E-02, -9.66989630E-02,  8.05860139E-03
  2.56000000E+02,  3.36292436E-02, -9.61564141E-02,  8.68357080E-03
  2.57000000E+02,  3.62212115E-02, -9.55267287E-02,  9.35277557E-03
  2.58000000E+02,  3.89924260E-02, -9.47966269E-02,  1.00682646E-02
  2.59000000E+02,  4.19500739E-02, -9.39510557E-02,  1.08318933E-02
  2.60000000E+02,  4.51002326E-02, -9.29730392E-02,  1.16452307E-02
  2.61000000E+02,  4.84474300E-02, -9.18435500E-02,  1.25094457E-02
  2.62000000E+02,  5.19941142E-02, -9.05414163E-02,  1.34251702E-02
  2.63000000E+02,  5.57400272E-02, -8.90432830E-02,  1.43923374E-02
  2.64000000E+02,  5.96814786E-02, -8.73236551E-02,  1.54099944E-02
  2.65000000E+02,  6.38105242E-02, -8.53550506E-02,  1.64760897E-02
  2.66000000E+02,  6.81140621E-02, -8.31083010E-02,  1.75872406E-02
  2.67000000E+02,  7.25728769E-02, -8.05530365E-02,  1.87384853E-02
  2.68000000E+02,  7.71606758E-02, -7.76583977E-02,  1.99230351E-02
  2.69000000E+02,  8.18431871E-02, -7.43940084E-02,  2.11320409E-02
  2.70000000E+02,  8.65774135E-02, -7.07312353E-02,  2.23544008E-02
  2.71000000E+02,  9.13111589E-02, -6.66447411E-02,  2.35766378E-02
  2.72000000E+02,  9.59829662E-02, -6.21143043E-02,  2.47828836E-02
  2.73000000E+02,  1.00522614E-01, -5.71268415E-02,  2.59550072E-02
  2.74000000E+02,  1.04852310E-01, -5.16785136E-02,  2.70729223E-02
  2.75000000E+02,  1.08888677E-01, -4.57767479E-02,  2.81151016E-02
  2.76000000E+02,  1.12545582E-01, -3.94419578E-02,  2.90593048E-02
  2.77000000E+02,  1.15737721E-01, -3.27087148E-02,  2.98835071E-02
  2.78000000E+02,  1.18384805E-01, -2.56261316E-02,  3.05669779E-02
  2.79000000E+02,  1.20416023E-01, -1.82572606E-02,  3.10914336E-02
  2.80000000E+02,  1.21774379E-01, -1.06774064E-02,  3.14421580E-02
  2.81000000E+02,  1.22420449E-01, -2.97137970E-03,  3.16089717E-02
  2.82000000E+02,  1.22335109E-01,  4.77013042E-03,  3.15869369E-02
  2.83000000E+02,  1.21520898E-01,  1.24547558E-02,  3.13767096E-02
  2.84000000E+02,  1.20001838E-01,  1.99928147E-02,  3.09844919E-02
  2.85000000E+02,  1.17821727E-01,  2.73014116E-02,  3.04215925E-02
  2.86000000E+02,  1.15041139E-01,  3.43078834E-02,  2.97036515E-02
  2.87000000E+02,  1.11733489E-01,  4.09523095E-02,  2.88496245E-02
  2.88000000E+02,  1.07980625E-01,  4.71889440E-02,  2.78806448E-02
  2.89000000E+02,  1.03868399E-01,  5.29865749E-02,  2.68188793E-02
  2.90000000E+02,  9.94825991E-02,  5.83279377E-02,  2.56864783E-02
  2.91000000E+02,  9.49055236E-02,  6.32083939E-02,  2.45046913E-02
  2.92000000E+02,  9.02133522E-02,  6.76341190E-02,  2.32931877E-02
  2.93000000E+02,  8.54743465E-02,  7.16200441E-02,  2.20695928E-02
  2.94000000E+02,  8.07478313E-02,  7.51877550E-02,  2.08492242E-02
  2.95000000E+02,  7.60838402E-02,  7.83635087E-02,  1.96450006E-02
  2.96000000E+02,  7.15232870E-02,  8.11764720E-02,  1.84674860E-02
  2.97000000E+02,  6.70985136E-02,  8.36572351E-02,  1.73250311E-02
  2.98000000E+02,  6.28340827E-02,  8.58366202E-02,  1.62239780E-02
  2.99000000E+02,  5.87477012E-02,  8.77447723E-02,  1.51688989E-02
  3.00000000E+02,  5.48511875E-02,  8.94105036E-02,  1.41628452E-02
  3.01000000E+02,  5.11514186E-02,  9.08608547E-02,  1.32075928E-02
  3.02000000E+02,  4.76512165E-02,  9.21208321E-02,  1.23038705E-02
  3.03000000E+02,  4.43501489E-02,  9.32132834E-02,  1.14515667E-02
  3.04000000E+02,  4.12452314E-02,  9.41588760E-02,  1.06499111E-02
  3.05000000E+02,  3.83315321E-02,  9.49761502E-02,  9.89763053E-03
  3.06000000E+02,  3.56026793E-02,  9.56816221E-02,  9.19307992E-03
  3.07000000E+02,  3.30512827E-02,  9.62899189E-02,  8.53435131E-03
  3.08000000E+02,  3.06692753E-02,  9.68139300E-02,  7.91936212E-03
  3.09000000E+02,  2.84481890E-02,  9.72649664E-02,  7.34592612E-03
  3.10000000E+02,  2.63793710E-02,  9.76529187E-02,  6.81180942E-03
  3.11000000E+02,  2.44541522E-02,  9.79864087E-02,  6.31477400E-03
  3.12000000E+02,  2.26639757E-02,  9.82729336E-02,  5.85261078E-03
  3.13000000E+02,  2.10004919E-02,  9.85189976E-02,  5.42316428E-03
  3.14000000E+02,  1.94556279E-02,  9.87302336E-02,  5.02435042E-03
  3.15000000E+02,  1.80216349E-02,  9.89115115E-02,  4.65416892E-03
  3.16000000E+02,  1.66911196E-02,  9.90670363E-02,  4.31071125E-03
  3.17000000E+02,  1.54570619E-02,  9.92004343E-02,  3.99216535E-03
  3.18000000E+02,  1.43128233E-02,  9.93148297E-02,  3.69681764E-03
  3.19000000E+02,  1.32521465E-02,  9.94129120E-02,  3.42305310E-03
  3.20000000E+02,  1.22691507E-02,  9.94969947E-02,  3.16935386E-03
  3.21000000E+02,  1.13583211E-02,  9.95690666E-02,  2.93429671E-03
  3.22000000E+02,  1.05144968E-02,  9.96308364E-02,  2.71654981E-03
  3.23000000E+02,  9.73285594E-03,  9.96837717E-02,  2.51486891E-03
  3.24000000E+02,  9.00889966E-03,  9.97291322E-02,  2.32809326E-03
  3.25000000E+02,  8.33843550E-03,  9.97679992E-02,  2.15514124E-03
  3.26000000E+02,  7.71756041E-03,  9.98013001E-02,  1.99500608E-03
  3.27000000E+02,  7.14264387E-03,  9.98298307E-02,  1.84675141E-03
  3.28000000E+02,  6.61031128E-03,  9.98542731E-02,  1.70950705E-03
  3.29000000E+02,  6.11742782E-03,  9.98752124E-02,  1.58246481E-03
  3.30000000E+02,  5.66108290E-03,  9.98931501E-02,  1.46487450E-03
  3.31000000E+02,  5.23857529E-03,  9.99085159E-02,  1.35604010E-03
  3.32000000E+02,  4.84739901E-03,  9.99216784E-02,  1.25531609E-03
  3.33000000E+02,  4.48522983E-03,  9.99329532E-02,  1.16210403E-03
  3.34000000E+02,  4.14991271E-03,  9.99426109E-02,  1.07584929E-03
  3.35000000E+02,  3.83944984E-03,  9.99508834E-02,  9.96037986E-04
  3.36000000E+02,  3.55198948E-03,  9.99579691E-02,  9.22194096E-04
  3.37000000E+02,  3.28581550E-03,  9.99640383E-02,  8.53876786E-04
  3.38000000E+02,  3.03933758E-03,  9.99692367E-02,  7.90677890E-04
  3.39000000E+02,  2.81108207E-03,  9.99736893E-02,  7.32219565E-04
  3.40000000E+02,  2.59968348E-03,  9.99775030E-02,  6.78152106E-04
  3.41000000E+02,  2.40387653E-03,  9.99807694E-02,  6.28151911E-04
  3.42000000E+02,  2.22248875E-03,  9.99835671E-02,  5.81919597E-04
  3.43000000E+02,  2.05443364E-03,  9.99859634E-02,  5.39178237E-04
  3.44000000E+02,  1.89870421E-03,  9.99880157E-02,  4.99671738E-04
  3.45000000E+02,  1.75436710E-03,  9.99897735E-02,  4.63163322E-04
  3.46000000E+02,  1.62055703E-03,  9.99912789E-02,  4.29434131E-04
  3.47000000E+02,  1.49647166E-03,  9.99925683E-02,  3.98281928E-04
  3.48000000E+02,  1.38136683E-03,  9.99936726E-02,  3.69519897E-04
  3.49000000E+02,  1.27455215E-03,  9.99946182E-02,  3.42975528E-04
  3.50000000E+02,  1.17538689E-03,  9.99954281E-02,  3.18489595E-04
  3.51000000E+02,  1.08327610E-03,  9.99961216E-02,  2.95915202E-04
  3.52000000E+02,  9.97667139E-04,  9.99967155E-02,  2.75116911E-04
  3.53000000E+02,  9.18046326E-04,  9.99972239E-02,  2.55969928E-04
  3.54000000E+02,  8.43935876E-04,  9.99976592E-02,  2.38359359E-04
  3.55000000E+02,  7.74891045E-04,  9.99980318E-02,  2.22179527E-04
  3.56000000E+02,  7.10497472E-04,  9.99983506E-02,  2.07333332E-04
  3.57000000E+02,  6.50368689E-04,  9.99986234E-02,  1.93731676E-04
  3.58000000E+02,  5.94143815E-04,  9.99988566E-02,  1.81292926E-04
  3.59000000E+02,  5.41485387E-04,  9.99990560E-02,  1.69942426E-04
  3.60000000E+02,  4.92077340E-04,  9.99992262E-02,  1.59612052E-04
  3.61000000E+02,  4.45623111E-04,  9.99993714E-02,  1.50239799E-04
  3.62000000E+02,  4.01843864E-04,  9.99994951E-02,  1.41769412E-04
  3.63000000E+02,  3.60476813E-04,  9.99996002E-02,  1.34150049E-04
  3.64000000E+02,  3.21273648E-04,  9.99996893E-02,  1.27335975E-04
  3.65000000E+02,  2.83999045E-04,  9.99997645E-02,  1.21286289E-04
  3.66000000E+02,  2.48429256E-04,  9.99998276E-02,  1.15964677E-04
  3.67000000E+02,  2.14350762E-04,  9.99998802E-02,  1.11339196E-04
  3.68000000E+02,  1.81558997E-04,  9.99999235E-02,  1.07382081E-04
  3.69000000E+02,  1.49857116E-04,  9.99999585E-02,  1.04069578E-04
  3.70000000E+02,  1.19054816E-04,  9.99999861E-02,  1.01381803E-04
  3.71000000E+02,  8.89671959E-05,  1.00000007E-01,  9.93026223E-05
  3.72000000E+02,  5.94136402E-05,  1.00000022E-01,  9.78195552E-05
  3.73000000E+02,  3.02167414E-05,  1.00000030E-01,  9.69236990E-05
  3.74000000E+02,  1.20123204E-06,  1.00000033E-01,  9.66096762E-05
  3.75000000E+02, -2.78070664E-05,  1.00000031E-01,  9.68756016E-05
  3.76000000E+02, -5.69822891E-05,  1.00000023E-01,  9.77230717E-05
  3.77000000E+02, -8.64995735E-05,  1.00000008E-01,  9.91571736E-05
  3.78000000E+02, -1.16536110E-04,  9.99999881E-02,  1.01186516E-04
  3.79000000E+02, -1.47272205E-04,  9.99999610E-02,  1.03823280E-04
  3.80000000E+02, -1.78892365E-04,  9.99999267E-02,  1.07083294E-04
  3.81000000E+02, -2.11586402E-04,  9.99998841E-02,  1.10986127E-04
  3.82000000E+02, -2.45550574E-04,  9.99998323E-02,  1.15555206E-04
  3.83000000E+02, -2.80988761E-04,  9.99997702E-02,  1.20817958E-04
  3.84000000E+02, -3.18113691E-04,  9.99996960E-02,  1.26805973E-04
  3.85000000E+02, -3.57148216E-04,  9.99996081E-02,  1.33555194E-04
  3.86000000E+02, -3.98326646E-04,  9.99995045E-02,  1.41106134E-04
  3.87000000E+02, -4.41896159E-04,  9.99993824E-02,  1.49504117E-04
  3.88000000E+02, -4.88118283E-04,  9.99992391E-02,  1.58799550E-04
  3.89000000E+02, -5.37270462E-04,  9.99990711E-02,  1.69048228E-04
  3.90000000E+02, -5.89647723E-04,  9.99988744E-02,  1.80311663E-04
  3.91000000E+02, -6.45564445E-04,  9.99986441E-02,  1.92657460E-04
  3.92000000E+02, -7.05356239E-04,  9.99983749E-02,  2.06159715E-04
  3.93000000E+02, -7.69381969E-04,  9.99980602E-02,  2.20899466E-04
  3.94000000E+02, -8.38025892E-04,  9.99976923E-02,  2.36965173E-04
  3.95000000E+02, -9.11699969E-04,  9.99972626E-02,  2.54453248E-04
  3.96000000E+02, -9.90846323E-04,  9.99967607E-02,  2.73468638E-04
  3.97000000E+02, -1.07593990E-03,  9.99961744E-02,  2.94125445E-04
  3.98000000E+02, -1.16749128E-03,  9.99954898E-02,  3.16547614E-04
  3.99000000E+02, -1.26604977E-03,  9.99946903E-02,  3.40869674E-04
  4.00000000E+02, -1.37220666E-03,  9.99937566E-02,  3.67237536E-04
  4.01000000E+02, -1.48659876E-03,  9.99926665E-02,  3.95809371E-04
  4.02000000E+02, -1.60991219E-03,  9.99913936E-02,  4.26756548E-04
  4.03000000E+02, -1.74288649E-03,  9.99899073E-02,  4.60264658E-04
  4.04000000E+02, -1.88631899E-03,  9.99881720E-02,  4.96534614E-04
  4.05000000E+02, -2.04106957E-03,  9.99861458E-02,  5.35783849E-04
  4.06000000E+02, -2.20806575E-03,  9.99837802E-02,  5.78247602E-04
  4.07000000E+02, -2.38830817E-03,  9.99810181E-02,  6.24180312E-04
  4.08000000E+02, -2.58287653E-03,  9.99777934E-02,  6.73857116E-04
  4.09000000E+02, -2.79293592E-03,  9.99740283E-02,  7.27575473E-04
  4.10000000E+02, -3.01974363E-03,  9.99696326E-02,  7.85656906E-04
  4.11000000E+02, -3.26465657E-03,  9.99645004E-02,  8.48448881E-04
  4.12000000E+02, -3.52913910E-03,  9.99585086E-02,  9.16326827E-04
  4.13000000E+02, -3.81477153E-03,  9.99515133E-02,  9.89696312E-04
  4.14000000E+02, -4.12325921E-03,  9.99433464E-02,  1.06899537E-03
  4.15000000E+02, -4.45644223E-03,  9.99338118E-02,  1.15469700E-03
  4.16000000E+02, -4.81630589E-03,  9.99226808E-02,  1.24731184E-03
  4.17000000E+02, -5.20499175E-03,  9.99096861E-02,  1.34739104E-03
  4.18000000E+02, -5.62480954E-03,  9.98945161E-02,  1.45552928E-03
  4.19000000E+02, -6.07824969E-03,  9.98768071E-02,  1.57236805E-03
  4.20000000E+02, -6.56799671E-03,  9.98561346E-02,  1.69859905E-03
  4.21000000E+02, -7.09694327E-03,  9.98320035E-02,  1.83496783E-03
  4.22000000E+02, -7.66820504E-03,  9.98038364E-02,  1.98227762E-03
  4.23000000E+02, -8.28513612E-03,  9.97709594E-02,  2.14139332E-03
  4.24000000E+02, -8.95134520E-03,  9.97325872E-02,  2.31324564E-03
  4.25000000E+02, -9.67071210E-03,  9.96878038E-02,  2.49883536E-03
  4.26000000E+02, -1.04474046E-02,  9.96355416E-02,  2.69923771E-03
  4.27000000E+02, -1.12858956E-02,  9.95745569E-02,  2.91560674E-03
  4.28000000E+02, -1.21909795E-02,  9.95034003E-02,  3.14917960E-03
  4.29000000E+02, -1.31677887E-02,  9.94203847E-02,  3.40128072E-03
  4.30000000E+02, -1.42218078E-02,  9.93235460E-02,  3.67332562E-03
  4.31000000E+02, -1.53588871E-02,  9.92105995E-02,  3.96682420E-03
  4.32000000E+02, -1.65852524E-02,  9.90788891E-02,  4.28338336E-03
  4.33000000E+02, -1.79075104E-02,  9.89253290E-02,  4.62470849E-03
  4.34000000E+02, -1.93326499E-02,  9.87463371E-02,  4.99260354E-03
  4.35000000E+02, -2.08680337E-02,  9.85377598E-02,  5.38896916E-03
  4.36000000E+02, -2.25213821E-02,  9.82947857E-02,  5.81579831E-03
  4.37000000E+02, -2.43007427E-02,  9.80118493E-02,  6.27516850E-03
  4.38000000E+02, -2.62144445E-02,  9.76825228E-02,  6.76922990E-03
  4.39000000E+02, -2.82710305E-02,  9.72993965E-02,  7.30018796E-03
  4.40000000E+02, -3.04791647E-02,  9.68539468E-02,  7.87027946E-03
  4.41000000E+02, -3.28475072E-02,  9.63363942E-02,  8.48174011E-03
  4.42000000E+02, -3.53845490E-02,  9.57355514E-02,  9.13676203E-03
  4.43000000E+02, -3.80983997E-02,  9.50386656E-02,  9.83743888E-03
  4.44000000E+02, -4.09965178E-02,  9.42312599E-02,  1.05856962E-02
  4.45000000E+02, -4.40853744E-02,  9.32969802E-02,  1.13832047E-02
  4.46000000E+02, -4.73700388E-02,  9.22174583E-02,  1.22312730E-02
  4.47000000E+02, -5.08536782E-02,  9.09722061E-02,  1.31307187E-02
  4.48000000E+02, -5.45369621E-02,  8.95385569E-02,  1.40817145E-02
  4.49000000E+02, -5.84173673E-02,  8.78916803E-02,  1.50836088E-02
  4.50000000E+02, -6.24883854E-02,  8.60046963E-02,  1.61347210E-02
  4.51000000E+02, -6.67386432E-02,  8.38489257E-02,  1.72321144E-02
  4.52000000E+02, -7.11509587E-02,  8.13943122E-02,  1.83713526E-02
  4.53000000E+02, -7.57013736E-02,  7.86100588E-02,  1.95462494E-02
  4.54000000E+02, -8.03582236E-02,  7.54655149E-02,  2.07486290E-02
  4.55000000E+02, -8.50813303E-02,  7.19313433E-02,  2.19681175E-02
  4.56000000E+02, -8.98214288E-02,  6.79809823E-02,  2.31919944E-02
  4.57000000E+02, -9.45199593E-02,  6.35923858E-02,  2.44051398E-02
  4.58000000E+02, -9.91093719E-02,  5.87499924E-02,  2.55901121E-02
  4.59000000E+02, -1.03514086E-01,  5.34468203E-02,  2.67273968E-02
  4.60000000E+02, -1.07652223E-01,  4.76865380E-02,  2.77958524E-02
  4.61000000E+02, -1.11438163E-01,  4.14853049E-02,  2.87733722E-02
  4.62000000E+02, -1.14785913E-01,  3.48731428E-02,  2.96377528E-02
  4.63000000E+02, -1.17613127E-01,  2.78945924E-02,  3.03677324E-02
  4.64000000E+02, -1.19845519E-01,  2.06084387E-02,  3.09441307E-02
  4.65000000E+02, -1.21421293E-01,  1.30863696E-02,  3.13509919E-02
  4.66000000E+02, -1.22295130E-01,  5.41055210E-03,  3.15766146E-02
  4.67000000E+02, -1.22441286E-01, -2.32974536E-03,  3.16143516E-02
  4.68000000E+02, -1.21855410E-01, -1.00422122E-02,  3.14630799E-02
  4.69000000E+02, -1.20554863E-01, -1.76358555E-02,  3.11272816E-02
  4.70000000E+02, -1.18577472E-01, -2.50252291E-02,  3.06167240E-02
  4.71000000E+02, -1.15978909E-01, -3.21341223E-02,  2.99457813E-02
  4.72000000E+02, -1.12828999E-01, -3.88983880E-02,  2.91324826E-02
  4.73000000E+02, -1.09207418E-01, -4.52677205E-02,  2.81973997E-02
  4.74000000E+02, -1.05199217E-01, -5.12063451E-02,  2.71624929E-02
  4.75000000E+02, -1.00890609E-01, -5.66927101E-02,  2.60500223E-02
  4.76000000E+02, -9.63653153E-02, -6.17183711E-02,  2.48816050E-02
  4.77000000E+02, -9.17016801E-02, -6.62863076E-02,  2.36774691E-02
  4.78000000E+02, -8.69706077E-02, -7.04089171E-02,  2.24559222E-02
  4.79000000E+02, -8.22343091E-02, -7.41059080E-02,  2.12330271E-02
  4.80000000E+02, -7.75457526E-02, -7.74022663E-02,  2.00224603E-02
  4.81000000E+02, -7.29486847E-02, -8.03264149E-02,  1.88355171E-02
  4.82000000E+02, -6.84780748E-02, -8.29086376E-02,  1.76812268E-02
  4.83000000E+02, -6.41608443E-02, -8.51797944E-02,  1.65665405E-02
  4.84000000E+02, -6.00167591E-02, -8.71703261E-02,  1.54965617E-02
  4.85000000E+02, -5.60593909E-02, -8.89095222E-02,  1.44747949E-02
  4.86000000E+02, -5.22970762E-02, -9.04250180E-02,  1.35033926E-02
  4.87000000E+02, -4.87338255E-02, -9.17424811E-02,  1.25833905E-02
  4.88000000E+02, -4.53701525E-02, -9.28854465E-02,  1.17149214E-02
  4.89000000E+02, -4.22038080E-02, -9.38752669E-02,  1.08974046E-02
  4.90000000E+02, -3.92304152E-02, -9.47311442E-02,  1.01297104E-02
  4.91000000E+02, -3.64440073E-02, -9.54702199E-02,  9.41029814E-03
  4.92000000E+02, -3.38374746E-02, -9.61077011E-02,  8.73733251E-03
  4.93000000E+02, -3.14029312E-02, -9.66570084E-02,  8.10877750E-03
  4.94000000E+02, -2.91320094E-02, -9.71299337E-02,  7.52247288E-03
  4.95000000E+02, -2.70160944E-02, -9.75367987E-02,  6.97619456E-03
  4.96000000E+02, -2.50465067E-02, -9.78866096E-02,  6.46770179E-03
  4.97000000E+02, -2.32146421E-02, -9.81872035E-02,  5.99477333E-03
  4.98000000E+02, -2.15120772E-02, -9.84453843E-02,  5.55523457E-03
  4.99000000E+02, -1.99306457E-02, -9.86670474E-02,  5.14697736E-03
  5.00000000E+02, -1.84624925E-02, -9.88572923E-02,  4.76797392E-03
  5.01000000E+02, -1.71001096E-02, -9.90205240E-02,  4.41628613E-03
  5.02000000E+02, -1.58363579E-02, -9.91605425E-02,  4.09007116E-03
  5.03000000E+02, -1.46644782E-02, -9.92806227E-02,  3.78758428E-03
  5.04000000E+02, -1.35780933E-02, -9.93835848E-02,  3.50717948E-03
  5.05000000E+02, -1.25712045E-02, -9.94718547E-02,  3.24730845E-03
  5.06000000E+02, -1.16381828E-02, -9.95475186E-02,  3.00651845E-03
  5.07000000E+02, -1.07737571E-02, -9.96123692E-02,  2.78344920E-03
  5.08000000E+02, -9.97300034E-03, -9.96679462E-02,  2.57682926E-03
  5.09000000E+02, -9.23131350E-03, -9.97155717E-02,  2.38547199E-03
  5.10000000E+02, -8.54440929E-03, -9.97563801E-02,  2.20827127E-03
  5.11000000E+02, -7.90829520E-03, -9.97913452E-02,  2.04419720E-03
  5.12000000E+02, -7.31925655E-03, -9.98213019E-02,  1.89229167E-03
  5.13000000E+02, -6.77383977E-03, -9.98469666E-02,  1.75166407E-03
  5.14000000E+02, -6.26883611E-03, -9.98689531E-02,  1.62148710E-03
  5.15000000E+02, -5.80126588E-03, -9.98877881E-02,  1.50099269E-03
  5.16000000E+02, -5.36836337E-03, -9.99039228E-02,  1.38946813E-03
  5.17000000E+02, -4.96756248E-03, -9.99177439E-02,  1.28625236E-03
  5.18000000E+02, -4.59648306E-03, -9.99295830E-02,  1.19073245E-03
  5.19000000E+02, -4.25291801E-03, -9.99397241E-02,  1.10234029E-03
  5.20000000E+02, -3.93482115E-03, -9.99484106E-02,  1.02054944E-03
  5.21000000E+02, -3.64029585E-03, -9.99558511E-02,  9.44872262E-04
  5.22000000E+02, -3.36758426E-03, -9.99622241E-02,  8.74857084E-04
  5.23000000E+02, -3.11505741E-03, -9.99676828E-02,  8.10085701E-04
  5.24000000E+02, -2.88120578E-03, -9.99723584E-02,  7.50170946E-04
  5.25000000E+02, -2.66463064E-03, -9.99763630E-02,  6.94754464E-04
  5.26000000E+02, -2.46403594E-03, -9.99797930E-02,  6.43504629E-04
  5.27000000E+02, -2.27822069E-03, -9.99827309E-02,  5.96114615E-04
  5.28000000E+02, -2.10607197E-03, -9.99852471E-02,  5.52300591E-04
  5.29000000E+02, -1.94655838E-03, -9.99874022E-02,  5.11800061E-04
  5.30000000E+02, -1.79872396E-03, -9.99892481E-02,  4.74370310E-04
  5.31000000E+02, -1.66168250E-03, -9.99908290E-02,  4.39786972E-04
  5.32000000E+02, -1.53461234E-03, -9.99921829E-02,  4.07842701E-04
  5.33000000E+02, -1.41675148E-03, -9.99933425E-02,  3.78345939E-04
  5.34000000E+02, -1.30739301E-03, -9.99943356E-02,  3.51119779E-04
  5.35000000E+02, -1.20588097E-03, -9.99951861E-02,  3.26000910E-04
  5.36000000E+02, -1.11160635E-03, -9.99959144E-02,  3.02838645E-04
  5.37000000E+02, -1.02400354E-03, -9.99965380E-02,  2.81494021E-04
  5.38000000E+02, -9.42546915E-04, -9.99970720E-02,  2.61838969E-04
  5.39000000E+02, -8.66747674E-04, -9.99975291E-02,  2.43755551E-04
  5.40000000E+02, -7.96150950E-04, -9.99979205E-02,  2.27135251E-04
  5.41000000E+02, -7.30333074E-04, -9.99982554E-02,  2.11878330E-04
  5.42000000E+02, -6.68899036E-04, -9.99985419E-02,  1.97893224E-04
  5.43000000E+02, -6.11480123E-04, -9.99987870E-02,  1.85096001E-04
  5.44000000E+02, -5.57731711E-04, -9.99989964E-02,  1.73409854E-04
  5.45000000E+02, -5.07331193E-04, -9.99991754E-02,  1.62764644E-04
  5.46000000E+02, -4.59976053E-04, -9.99993281E-02,  1.53096477E-04
  5.47000000E+02, -4.15382048E-04, -9.99994582E-02,  1.44347323E-04
  5.48000000E+02, -3.73281501E-04, -9.99995689E-02,  1.36464667E-04
  5.49000000E+02, -3.33421703E-04, -9.99996628E-02,  1.29401193E-04
  5.50000000E+02, -2.95563388E-04, -9.99997421E-02,  1.23114504E-04
  5.51000000E+02, -2.59479304E-04, -9.99998089E-02,  1.17566863E-04
  5.52000000E+02, -2.24952846E-04, -9.99998647E-02,  1.12724970E-04
  5.53000000E+02, -1.91776760E-04, -9.99999107E-02,  1.08559761E-04
  5.54000000E+02, -1.59751894E-04, -9.99999483E-02,  1.05046234E-04
  5.55000000E+02, -1.28686007E-04, -9.99999781E-02,  1.02163297E-04
  5.56000000E+02, -9.83926137E-05, -1.00000001E-01,  9.98936456E-05
  5.57000000E+02, -6.86898655E-05, -1.00000018E-01,  9.82236555E-05
  5.58000000E+02, -3.93994588E-05, -1.00000028E-01,  9.71433022E-05
  5.59000000E+02, -1.03455649E-05, -1.00000033E-01,  9.66461004E-05
  5.60000000E+02,  1.86462251E-05, -1.00000032E-01,  9.67290655E-05
  5.61000000E+02,  4.77499474E-05, -1.00000026E-01,  9.73926956E-05
  5.62000000E+02,  7.71403101E-05, -1.00000013E-01,  9.86409744E-05
  5.63000000E+02,  1.06993742E-04, -9.99999952E-02,  1.00481395E-04
  5.64000000E+02,  1.37489450E-04, -9.99999703E-02,  1.02925005E-04
  5.65000000E+02,  1.68810499E-04, -9.99999383E-02,  1.05986472E-04
  5.66000000E+02,  2.01144904E-04, -9.99998985E-02,  1.09684175E-04
  5.67000000E+02,  2.34686765E-04, -9.99998497E-02,  1.14040308E-04
  5.68000000E+02,  2.69637429E-04, -9.99997910E-02,  1.19081021E-04
  5.69000000E+02,  3.06206696E-04, -9.99997208E-02,  1.24836571E-04
  5.70000000E+02,  3.44614083E-04, -9.99996375E-02,  1.31341505E-04
  5.71000000E+02,  3.85090137E-04, -9.99995390E-02,  1.38634871E-04
  5.72000000E+02,  4.27877822E-04, -9.99994231E-02,  1.46760447E-04
  5.73000000E+02,  4.73233972E-04, -9.99992868E-02,  1.55767004E-04
  5.74000000E+02,  5.21430836E-04, -9.99991270E-02,  1.65708603E-04
  5.75000000E+02,  5.72757708E-04, -9.99989398E-02,  1.76644915E-04
  5.76000000E+02,  6.27522664E-04, -9.99987207E-02,  1.88641582E-04
  5.77000000E+02,  6.86054408E-04, -9.99984644E-02,  2.01770604E-04
  5.78000000E+02,  7.48704241E-04, -9.99981648E-02,  2.16110780E-04
  5.79000000E+02,  8.15848169E-04, -9.99978146E-02,  2.31748173E-04
  5.80000000E+02,  8.87889155E-04, -9.99974055E-02,  2.48776627E-04
  5.81000000E+02,  9.65259531E-04, -9.99969275E-02,  2.67298330E-04
  5.82000000E+02,  1.04842359E-03, -9.99963693E-02,  2.87424427E-04
  5.83000000E+02,  1.13788035E-03, -9.99957173E-02,  3.09275679E-04
  5.84000000E+02,  1.23416656E-03, -9.99949560E-02,  3.32983193E-04
  5.85000000E+02,  1.33785990E-03, -9.99940669E-02,  3.58689199E-04
  5.86000000E+02,  1.44958242E-03, -9.99930288E-02,  3.86547901E-04
  5.87000000E+02,  1.57000426E-03, -9.99918166E-02,  4.16726399E-04
  5.88000000E+02,  1.69984764E-03, -9.99904013E-02,  4.49405682E-04
  5.89000000E+02,  1.83989117E-03, -9.99887487E-02,  4.84781704E-04
  5.90000000E+02,  1.99097446E-03, -9.99868192E-02,  5.23066555E-04
  5.91000000E+02,  2.15400313E-03, -9.99845664E-02,  5.64489709E-04
  5.92000000E+02,  2.32995412E-03, -9.99819361E-02,  6.09299391E-04
  5.93000000E+02,  2.51988155E-03, -9.99788651E-02,  6.57764041E-04
  5.94000000E+02,  2.72492282E-03, -9.99752796E-02,  7.10173894E-04
  5.95000000E+02,  2.94630540E-03, -9.99710934E-02,  7.66842684E-04
  5.96000000E+02,  3.18535394E-03, -9.99662060E-02,  8.28109482E-04
  5.97000000E+02,  3.44349800E-03, -9.99604999E-02,  8.94340669E-04
  5.98000000E+02,  3.72228038E-03, -9.99538381E-02,  9.65932061E-04
  5.99000000E+02,  4.02336594E-03, -9.99460605E-02,  1.04331119E-03
  6.00000000E+02,  4.34855120E-03, -9.99369805E-02,  1.12693974E-03
  6.01000000E+02,  4.69977448E-03, -9.99263800E-02,  1.21731618E-03
  6.02000000E+02,  5.07912679E-03, -9.99140046E-02,  1.31497855E-03
  6.03000000E+02,  5.48886350E-03, -9.98995575E-02,  1.42050748E-03
  6.04000000E+02,  5.93141661E-03, -9.98826922E-02,  1.53452931E-03
  6.05000000E+02,  6.40940794E-03, -9.98630045E-02,  1.65771952E-03
  6.06000000E+02,  6.92566291E-03, -9.98400227E-02,  1.79080628E-03
  6.07000000E+02,  7.48322520E-03, -9.98131967E-02,  1.93457419E-03
  6.08000000E+02,  8.08537200E-03, -9.97818847E-02,  2.08986826E-03
  6.09000000E+02,  8.73562990E-03, -9.97453383E-02,  2.25759798E-03
  6.10000000E+02,  9.43779139E-03, -9.97026850E-02,  2.43874156E-03
  6.11000000E+02,  1.01959316E-02, -9.96529076E-02,  2.63435028E-03
  6.12000000E+02,  1.10144253E-02, -9.95948206E-02,  2.84555283E-03
  6.13000000E+02,  1.18979637E-02, -9.95270431E-02,  3.07355971E-03
  6.14000000E+02,  1.28515708E-02, -9.94479667E-02,  3.31966738E-03
  6.15000000E+02,  1.38806188E-02, -9.93557192E-02,  3.58526223E-03
  6.16000000E+02,  1.49908414E-02, -9.92481223E-02,  3.87182408E-03
  6.17000000E+02,  1.61883449E-02, -9.91226429E-02,  4.18092901E-03
  6.18000000E+02,  1.74796157E-02, -9.89763374E-02,  4.51425124E-03
  6.19000000E+02,  1.88715222E-02, -9.88057881E-02,  4.87356373E-03
  6.20000000E+02,  2.03713108E-02, -9.86070305E-02,  5.26073698E-03
  6.21000000E+02,  2.19865914E-02, -9.83754705E-02,  5.67773548E-03
  6.22000000E+02,  2.37253126E-02, -9.81057917E-02,  6.12661113E-03
  6.23000000E+02,  2.55957208E-02, -9.77918506E-02,  6.60949278E-03
  6.24000000E+02,  2.76063000E-02, -9.74265611E-02,  7.12857068E-03
  6.25000000E+02,  2.97656881E-02, -9.70017657E-02,  7.68607480E-03
  6.26000000E+02,  3.20825621E-02, -9.65080971E-02,  8.28424525E-03
  6.27000000E+02,  3.45654868E-02, -9.59348290E-02,  8.92529320E-03
  6.28000000E+02,  3.72227185E-02, -9.52697197E-02,  9.61135013E-03
  6.29000000E+02,  4.00619539E-02, -9.44988531E-02,  1.03444032E-02
  6.30000000E+02,  4.30900165E-02, -9.36064829E-02,  1.11262139E-02
  6.31000000E+02,  4.63124676E-02, -9.25748898E-02,  1.19582180E-02
  6.32000000E+02,  4.97331341E-02, -9.13842633E-02,  1.28414034E-02
  6.33000000E+02,  5.33535438E-02, -9.00126264E-02,  1.37761645E-02
  6.34000000E+02,  5.71722615E-02, -8.84358242E-02,  1.47621306E-02
  6.35000000E+02,  6.11841275E-02, -8.66276036E-02,  1.57979692E-02
  6.36000000E+02,  6.53794025E-02, -8.45598160E-02,  1.68811656E-02
  6.37000000E+02,  6.97428414E-02, -8.22027821E-02,  1.80077834E-02
  6.38000000E+02,  7.42527274E-02, -7.95258552E-02,  1.91722152E-02
  6.39000000E+02,  7.88799219E-02, -7.64982262E-02,  2.03669374E-02
  6.40000000E+02,  8.35870081E-02, -7.30899997E-02,  2.15822889E-02
  6.41000000E+02,  8.83276298E-02, -6.92735631E-02,  2.28063006E-02
  6.42000000E+02,  9.30461539E-02, -6.50252425E-02,  2.40246079E-02
  6.43000000E+02,  9.76777968E-02, -6.03272079E-02,  2.52204837E-02
  6.44000000E+02,  1.02149363E-01, -5.51695428E-02,  2.63750290E-02
  6.45000000E+02,  1.06380723E-01, -4.95523416E-02,  2.74675544E-02
  6.46000000E+02,  1.10287110E-01, -4.34876481E-02,  2.84761733E-02
  6.47000000E+02,  1.13782243E-01, -3.70010013E-02,  2.93786077E-02
  6.48000000E+02,  1.16782160E-01, -3.01323438E-02,  3.01531787E-02
  6.49000000E+02,  1.19209546E-01, -2.29360598E-02,  3.07799239E-02
  6.50000000E+02,  1.20998204E-01, -1.54799784E-02,  3.12417513E-02
  6.51000000E+02,  1.22097233E-01, -7.84328458E-03,  3.15255181E-02
  6.52000000E+02,  1.22474449E-01, -1.13419276E-04,  3.16229144E-02
  6.53000000E+02,  1.22118646E-01,  7.61780164E-03,  3.15310468E-02
  6.54000000E+02,  1.21040396E-01,  1.52584981E-02,  3.12526451E-02
  6.55000000E+02,  1.19271293E-01,  2.27210428E-02,  3.07958670E-02
  6.56000000E+02,  1.16861736E-01,  2.99259604E-02,  3.01737252E-02
  6.57000000E+02,  1.13877531E-01,  3.68050542E-02,  2.94032107E-02
  6.58000000E+02,  1.10395728E-01,  4.33035270E-02,  2.85042182E-02
  6.59000000E+02,  1.06500159E-01,  4.93810091E-02,  2.74983926E-02
  6.60000000E+02,  1.02277096E-01,  5.50115487E-02,  2.64080092E-02
  6.61000000E+02,  9.78113959E-02,  6.01827264E-02,  2.52549786E-02
  6.62000000E+02,  9.31833624E-02,  6.48941239E-02,  2.40600347E-02
  6.63000000E+02,  8.84664183E-02,  6.91553943E-02,  2.28421353E-02
  6.64000000E+02,  8.37256074E-02,  7.29841657E-02,  2.16180748E-02
  6.65000000E+02,  7.90168355E-02,  7.64039689E-02,  2.04022879E-02
  6.66000000E+02,  7.43867274E-02,  7.94423262E-02,  1.92068134E-02
  6.67000000E+02,  6.98729534E-02,  8.21290869E-02,  1.80413777E-02
  6.68000000E+02,  6.55048832E-02,  8.44950503E-02,  1.69135640E-02
  6.69000000E+02,  6.13044377E-02,  8.65708801E-02,  1.58290326E-02
  6.70000000E+02,  5.72870377E-02,  8.83862935E-02,  1.47917650E-02
  6.71000000E+02,  5.34625701E-02,  8.99694896E-02,  1.38043143E-02
  6.72000000E+02,  4.98363165E-02,  9.13467809E-02,  1.28680442E-02
  6.73000000E+02,  4.64098095E-02,  9.25423852E-02,  1.19833507E-02
  6.74000000E+02,  4.31815984E-02,  9.35783435E-02,  1.11498593E-02
  6.75000000E+02,  4.01479150E-02,  9.44745289E-02,  1.03665973E-02
  6.76000000E+02,  3.73032417E-02,  9.52487206E-02,  9.63214009E-03
  6.77000000E+02,  3.46407861E-02,  9.59167206E-02,  8.94473425E-03
  6.78000000E+02,  3.21528721E-02,  9.64924965E-02,  8.30239799E-03
  6.79000000E+02,  2.98312562E-02,  9.69883366E-02,  7.70300307E-03
  6.80000000E+02,  2.76673793E-02,  9.74150095E-02,  7.14433986E-03
  6.81000000E+02,  2.56525656E-02,  9.77819202E-02,  6.62416848E-03
  6.82000000E+02,  2.37781742E-02,  9.80972593E-02,  6.14025823E-03
  6.83000000E+02,  2.20357151E-02,  9.83681427E-02,  5.69041732E-03
  6.84000000E+02,  2.04169341E-02,  9.86007397E-02,  5.27251488E-03
  6.85000000E+02,  1.89138733E-02,  9.88003893E-02,  4.88449658E-03
  6.86000000E+02,  1.75189123E-02,  9.89717054E-02,  4.52439526E-03
  6.87000000E+02,  1.62247939E-02,  9.91186698E-02,  4.19033759E-03
  6.88000000E+02,  1.50246385E-02,  9.92447152E-02,  3.88054775E-03
  6.89000000E+02,  1.39119486E-02,  9.93527979E-02,  3.59334861E-03
  6.90000000E+02,  1.28806067E-02,  9.94454623E-02,  3.32716125E-03
  6.91000000E+02,  1.19248684E-02,  9.95248964E-02,  3.08050306E-03
  6.92000000E+02,  1.10393511E-02,  9.95929808E-02,  2.85198496E-03
  6.93000000E+02,  1.02190209E-02,  9.96513309E-02,  2.64030791E-03
  6.94000000E+02,  9.45917696E-03,  9.97013339E-02,  2.44425897E-03
  6.95000000E+02,  8.75543550E-03,  9.97441806E-02,  2.26270709E-03
  6.96000000E+02,  8.10371287E-03,  9.97808928E-02,  2.09459880E-03
  6.97000000E+02,  7.50020854E-03,  9.98123468E-02,  1.93895381E-03
  6.98000000E+02,  6.94138837E-03,  9.98392946E-02,  1.79486067E-03
  6.99000000E+02,  6.42396809E-03,  9.98623808E-02,  1.66147256E-03
  7.00000000E+02,  5.94489741E-03,  9.98821579E-02,  1.53800315E-03
  7.01000000E+02,  5.50134473E-03,  9.98990998E-02,  1.42372268E-03
  7.02000000E+02,  5.09068247E-03,  9.99136125E-02,  1.31795417E-03
  7.03000000E+02,  4.71047325E-03,  9.99260441E-02,  1.22006990E-03
  7.04000000E+02,  4.35845672E-03,  9.99366928E-02,  1.12948794E-03
  7.05000000E+02,  4.03253722E-03,  9.99458141E-02,  1.04566905E-03
  7.06000000E+02,  3.73077210E-03,  9.99536270E-02,  9.68113646E-04
  7.07000000E+02,  3.45136087E-03,  9.99603192E-02,  8.96359000E-04
  7.08000000E+02,  3.19263492E-03,  9.99660512E-02,  8.29976616E-04
  7.09000000E+02,  2.95304803E-03,  9.99709608E-02,  7.68569784E-04
  7.10000000E+02,  2.73116744E-03,  9.99751660E-02,  7.11771291E-04
  7.11000000E+02,  2.52566551E-03,  9.99787678E-02,  6.59241295E-04
  7.12000000E+02,  2.33531208E-03,  9.99818527E-02,  6.10665347E-04
  7.13000000E+02,  2.15896716E-03,  9.99844950E-02,  5.65752548E-04
  7.14000000E+02,  1.99557432E-03,  9.99867581E-02,  5.24233844E-04
  7.15000000E+02,  1.84415441E-03,  9.99886963E-02,  4.85860440E-04
  7.16000000E+02,  1.70379983E-03,  9.99903564E-02,  4.50402329E-04
  7.17000000E+02,  1.57366910E-03,  9.99917782E-02,  4.17646935E-04
  7.18000000E+02,  1.45298188E-03,  9.99929959E-02,  3.87397845E-04
  7.19000000E+02,  1.34101438E-03,  9.99940388E-02,  3.59473649E-04
  7.20000000E+02,  1.23709497E-03,  9.99949319E-02,  3.33706855E-04
  7.21000000E+02,  1.14060026E-03,  9.99956967E-02,  3.09942894E-04
  7.22000000E+02,  1.05095133E-03,  9.99963516E-02,  2.88039197E-04
  7.23000000E+02,  9.67610260E-04,  9.99969124E-02,  2.67864346E-04
  7.24000000E+02,  8.90076980E-04,  9.99973925E-02,  2.49297283E-04
  7.25000000E+02,  8.17886220E-04,  9.99978035E-02,  2.32226595E-04
  7.26000000E+02,  7.50604748E-04,  9.99981553E-02,  2.16549838E-04
  7.27000000E+02,  6.87828778E-04,  9.99984563E-02,  2.02172934E-04
  7.28000000E+02,  6.29181546E-04,  9.99987138E-02,  1.89009597E-04
  7.29000000E+02,  5.74311059E-04,  9.99989339E-02,  1.76980826E-04
  7.30000000E+02,  5.22887978E-04,  9.99991220E-02,  1.66014425E-04
  7.31000000E+02,  4.74603653E-04,  9.99992825E-02,  1.56044572E-04
  7.32000000E+02,  4.29168262E-04,  9.99994194E-02,  1.47011427E-04
  7.33000000E+02,  3.86309083E-04,  9.99995359E-02,  1.38860771E-04
  7.34000000E+02,  3.45768850E-04,  9.99996348E-02,  1.31543680E-04
  7.35000000E+02,  3.07304218E-04,  9.99997185E-02,  1.25016234E-04
  7.36000000E+02,  2.70684293E-04,  9.99997891E-02,  1.19239251E-04
  7.37000000E+02,  2.35689255E-04,  9.99998482E-02,  1.14178055E-04
  7.38000000E+02,  2.02109038E-04,  9.99998972E-02,  1.09802266E-04
  7.39000000E+02,  1.69742064E-04,  9.99999373E-02,  1.06085616E-04
  7.40000000E+02,  1.38394039E-04,  9.99999695E-02,  1.03005796E-04
  7.41000000E+02,  1.07876785E-04,  9.99999945E-02,  1.00544319E-04
  7.42000000E+02,  7.80071075E-05,  1.00000013E-01,  9.86864087E-05
  7.43000000E+02,  4.86057027E-05,  1.00000025E-01,  9.74209130E-05
  7.44000000E+02,  1.94960753E-05,  1.00000032E-01,  9.67402353E-05
  7.45000000E+02, -9.49651821E-06,  1.00000033E-01,  9.66402897E-05
  7.46000000E+02, -3.85461188E-05,  1.00000028E-01,  9.71204762E-05
  7.47000000E+02, -6.78271097E-05,  1.00000018E-01,  9.81836771E-05
  7.48000000E+02, -9.75152629E-05,  1.00000002E-01,  9.98362748E-05
  7.49000000E+02, -1.27788795E-04,  9.99999789E-02,  1.02088189E-04
  7.50000000E+02, -1.58829434E-04,  9.99999492E-02,  1.04952938E-04
  7.51000000E+02, -1.90823515E-04,  9.99999120E-02,  1.08447718E-04
  7.52000000E+02, -2.23963094E-04,  9.99998661E-02,  1.12593507E-04
  7.53000000E+02, -2.58447103E-04,  9.99998107E-02,  1.17415191E-04
  7.54000000E+02, -2.94482543E-04,  9.99997443E-02,  1.22941712E-04
  7.55000000E+02, -3.32285726E-04,  9.99996653E-02,  1.29206244E-04
  7.56000000E+02, -3.72083573E-04,  9.99995718E-02,  1.36246391E-04
  7.57000000E+02, -4.14114977E-04,  9.99994617E-02,  1.44104410E-04
  7.58000000E+02, -4.58632235E-04,  9.99993322E-02,  1.52827468E-04
  7.59000000E+02, -5.05902560E-04,  9.99991802E-02,  1.62467925E-04
  7.60000000E+02, -5.56209689E-04,  9.99990021E-02,  1.73083644E-04
  7.61000000E+02, -6.09855577E-04,  9.99987936E-02,  1.84738342E-04
  7.62000000E+02, -6.67162214E-04,  9.99985496E-02,  1.97501970E-04
  7.63000000E+02, -7.28473553E-04,  9.99982644E-02,  2.11451132E-04
  7.64000000E+02, -7.94157570E-04,  9.99979310E-02,  2.26669546E-04
  7.65000000E+02, -8.64608471E-04,  9.99975415E-02,  2.43248543E-04
  7.66000000E+02, -9.40249052E-04,  9.99970864E-02,  2.61287617E-04
  7.67000000E+02, -1.02153323E-03,  9.99965548E-02,  2.80895015E-04
  7.68000000E+02, -1.10894876E-03,  9.99959340E-02,  3.02188392E-04
  7.69000000E+02, -1.20302016E-03,  9.99952090E-02,  3.25295508E-04
  7.70000000E+02, -1.30431183E-03,  9.99943624E-02,  3.50354996E-04
  7.71000000E+02, -1.41343143E-03,  9.99933738E-02,  3.77517188E-04
  7.72000000E+02, -1.53103351E-03,  9.99922195E-02,  4.06945010E-04
  7.73000000E+02, -1.65782343E-03,  9.99908717E-02,  4.38814958E-04
  7.74000000E+02, -1.79456151E-03,  9.99892979E-02,  4.73318145E-04
  7.75000000E+02, -1.94206760E-03,  9.99874605E-02,  5.10661437E-04
  7.76000000E+02, -2.10122593E-03,  9.99853151E-02,  5.51068684E-04
  7.77000000E+02, -2.27299036E-03,  9.99828102E-02,  5.94782042E-04
  7.78000000E+02, -2.45838998E-03,  9.99798857E-02,  6.42063409E-04
  7.79000000E+02, -2.65853525E-03,  9.99764712E-02,  6.93195965E-04
  7.80000000E+02, -2.87462446E-03,  9.99724847E-02,  7.48485841E-04
  7.81000000E+02, -3.10795080E-03,  9.99678303E-02,  8.08263908E-04
  7.82000000E+02, -3.35990986E-03,  9.99623963E-02,  8.72887709E-04
  7.83000000E+02, -3.63200780E-03,  9.99560521E-02,  9.42743537E-04
  7.84000000E+02, -3.92586997E-03,  9.99486453E-02,  1.01824866E-03
  7.85000000E+02, -4.24325028E-03,  9.99399981E-02,  1.09985372E-03
  7.86000000E+02, -4.58604118E-03,  9.99299029E-02,  1.18804528E-03
  7.87000000E+02, -4.95628430E-03,  9.99181173E-02,  1.28334859E-03
  7.88000000E+02, -5.35618185E-03,  9.99043587E-02,  1.38633050E-03
  7.89000000E+02, -5.78810874E-03,  9.98882969E-02,  1.49760259E-03
  7.90000000E+02, -6.25462544E-03,  9.98695471E-02,  1.61782445E-03
  7.91000000E+02, -6.75849161E-03,  9.98476599E-02,  1.74770724E-03
  7.92000000E+02, -7.30268045E-03,  9.98221113E-02,  1.88801733E-03
  7.93000000E+02, -7.89039379E-03,  9.97922899E-02,  2.03958025E-03
  7.94000000E+02, -8.52507781E-03,  9.97574828E-02,  2.20328470E-03
  7.95000000E+02, -9.21043930E-03,  9.97168585E-02,  2.38008672E-03
  7.96000000E+02, -9.95046240E-03,  9.96694480E-02,  2.57101409E-03
  7.97000000E+02, -1.07494255E-02,  9.96141217E-02,  2.77717061E-03
  7.98000000E+02, -1.16119183E-02,  9.95495634E-02,  2.99974050E-03
  7.99000000E+02, -1.25428580E-02,  9.94742403E-02,  3.23999266E-03
  8.00000000E+02, -1.35475054E-02,  9.93863676E-02,  3.49928472E-03
  8.01000000E+02, -1.46314788E-02,  9.92838685E-02,  3.77906667E-03
  8.02000000E+02, -1.58007661E-02,  9.91643276E-02,  4.08088396E-03
  8.03000000E+02, -1.70617331E-02,  9.90249371E-02,  4.40637974E-03
  8.04000000E+02, -1.84211280E-02,  9.88624366E-02,  4.75729586E-03
  8.05000000E+02, -1.98860789E-02,  9.86730421E-02,  5.13547228E-03
  8.06000000E+02, -2.14640830E-02,  9.84523680E-02,  5.54284440E-03
  8.07000000E+02, -2.31629859E-02,  9.81953362E-02,  5.98143749E-03
  8.08000000E+02, -2.49909453E-02,  9.78960764E-02,  6.45335752E-03
  8.09000000E+02, -2.69563783E-02,  9.75478128E-02,  6.96077740E-03
  8.10000000E+02, -2.90678849E-02,  9.71427406E-02,  7.50591736E-03
  8.11000000E+02, -3.13341442E-02,  9.66718898E-02,  8.09101803E-03
  8.12000000E+02, -3.37637754E-02,  9.61249793E-02,  8.71830461E-03
  8.13000000E+02, -3.63651563E-02,  9.54902627E-02,  9.38993999E-03
  8.14000000E+02, -3.91461910E-02,  9.47543692E-02,  1.01079648E-02
  8.15000000E+02, -4.21140167E-02,  9.39021462E-02,  1.08742215E-02
  8.16000000E+02, -4.52746395E-02,  9.29165110E-02,  1.16902608E-02
  8.17000000E+02, -4.86324901E-02,  9.17783232E-02,  1.25572266E-02
  8.18000000E+02, -5.21898883E-02,  9.04662941E-02,  1.34757175E-02
  8.19000000E+02, -5.59464116E-02,  8.89569523E-02,  1.44456244E-02
  8.20000000E+02, -5.98981630E-02,  8.72246909E-02,  1.54659409E-02
  8.21000000E+02, -6.40369454E-02,  8.52419287E-02,  1.65345504E-02
  8.22000000E+02, -6.83493538E-02,  8.29794185E-02,  1.76479917E-02
  8.23000000E+02, -7.28158175E-02,  8.04067440E-02,  1.88012114E-02
  8.24000000E+02, -7.74096380E-02,  7.74930446E-02,  1.99873161E-02
  8.25000000E+02, -8.20960929E-02,  7.42080028E-02,  2.11973402E-02
  8.26000000E+02, -8.68317007E-02,  7.05231203E-02,  2.24200569E-02
  8.27000000E+02, -9.15637660E-02,  6.64132856E-02,  2.36418601E-02
  8.28000000E+02, -9.62303438E-02,  6.18586072E-02,  2.48467557E-02
  8.29000000E+02, -1.00760770E-01,  5.68464437E-02,  2.60164983E-02
  8.30000000E+02, -1.05076894E-01,  5.13735105E-02,  2.71309094E-02
  8.31000000E+02, -1.09095114E-01,  4.54478910E-02,  2.81684029E-02
  8.32000000E+02, -1.12729241E-01,  3.90907341E-02,  2.91067252E-02
  8.33000000E+02, -1.15894132E-01,  3.23373892E-02,  2.99238922E-02
  8.34000000E+02, -1.18509893E-01,  2.52377407E-02,  3.05992752E-02
  8.35000000E+02, -1.20506344E-01,  1.78555507E-02,  3.11147542E-02
  8.36000000E+02, -1.21827345E-01,  1.02667117E-02,  3.14558335E-02
  8.37000000E+02, -1.22434500E-01,  2.55644849E-03,  3.16125997E-02
  8.38000000E+02, -1.22309827E-01, -5.18435016E-03,  3.15804093E-02
  8.39000000E+02, -1.21457035E-01, -1.28633498E-02,  3.13602204E-02
  8.40000000E+02, -1.19901262E-01, -2.03911328E-02,  3.09585234E-02
  8.41000000E+02, -1.17687291E-01, -2.76852721E-02,  3.03868816E-02
  8.42000000E+02, -1.14876492E-01, -3.46737333E-02,  2.96611399E-02
  8.43000000E+02, -1.11542843E-01, -4.12973291E-02,  2.88004004E-02
  8.44000000E+02, -1.07768521E-01, -4.75110929E-02,  2.78258801E-02
  8.45000000E+02, -1.03639471E-01, -5.32845828E-02,  2.67597706E-02
  8.46000000E+02, -9.92413736E-02, -5.86012501E-02,  2.56241946E-02
  8.47000000E+02, -9.46562598E-02, -6.34570851E-02,  2.44403321E-02
  8.48000000E+02, -8.99599226E-02, -6.78587864E-02,  2.32277530E-02
  8.49000000E+02, -8.52201639E-02, -7.18216943E-02,  2.20039638E-02
  8.50000000E+02, -8.04958140E-02, -7.53676939E-02,  2.07841543E-02
  8.51000000E+02, -7.58364095E-02, -7.85232407E-02,  1.95811151E-02
  8.52000000E+02, -7.12823878E-02, -8.13176126E-02,  1.84052869E-02
  8.53000000E+02, -6.68656522E-02, -8.37814401E-02,  1.72649075E-02
  8.54000000E+02, -6.26103737E-02, -8.59455297E-02,  1.61662176E-02
  8.55000000E+02, -5.85339190E-02, -8.78399694E-02,  1.51137017E-02
  8.56000000E+02, -5.46478177E-02, -8.94934859E-02,  1.41103366E-02
  8.57000000E+02, -5.09587079E-02, -9.09330160E-02,  1.31578365E-02
  8.58000000E+02, -4.74692177E-02, -9.21834525E-02,  1.22568800E-02
  8.59000000E+02, -4.41787607E-02, -9.32675260E-02,  1.14073161E-02
  8.60000000E+02, -4.10842341E-02, -9.42057879E-02,  1.06083435E-02
  8.61000000E+02, -3.81806165E-02, -9.50166671E-02,  9.85866615E-03
  8.62000000E+02, -3.54614717E-02, -9.57165748E-02,  9.15662227E-03
  8.63000000E+02, -3.29193649E-02, -9.63200409E-02,  8.50029249E-03
  8.64000000E+02, -3.05462015E-02, -9.68398664E-02,  7.88758699E-03
  8.65000000E+02, -2.83334984E-02, -9.72872820E-02,  7.31631569E-03
  8.66000000E+02, -2.62725978E-02, -9.76721066E-02,  6.78424349E-03
  8.67000000E+02, -2.43548340E-02, -9.80028981E-02,  6.28913316E-03
  8.68000000E+02, -2.25716588E-02, -9.82870972E-02,  5.82877793E-03
  8.69000000E+02, -2.09147361E-02, -9.85311586E-02,  5.40102575E-03
  8.70000000E+02, -1.93760092E-02, -9.87406713E-02,  5.00379677E-03
  8.71000000E+02, -1.79477477E-02, -9.89204676E-02,  4.63509546E-03
  8.72000000E+02, -1.66225780E-02, -9.90747189E-02,  4.29301836E-03
  8.73000000E+02, -1.53935003E-02, -9.92070231E-02,  3.97575865E-03
  8.74000000E+02, -1.42538966E-02, -9.93204794E-02,  3.68160807E-03
  8.75000000E+02, -1.31975301E-02, -9.94177556E-02,  3.40895684E-03
  8.76000000E+02, -1.22185396E-02, -9.95011467E-02,  3.15629224E-03
  8.77000000E+02, -1.13114299E-02, -9.95726253E-02,  2.92219605E-03
  8.78000000E+02, -1.04710585E-02, -9.96338862E-02,  2.70534122E-03
  8.79000000E+02, -9.69262135E-03, -9.96863852E-02,  2.50448809E-03
  8.80000000E+02, -8.97163639E-03, -9.97313717E-02,  2.31848024E-03
  8.81000000E+02, -8.30392711E-03, -9.97699180E-02,  2.14624021E-03
  8.82000000E+02, -7.68560552E-03, -9.98029441E-02,  1.98676508E-03
  8.83000000E+02, -7.11305522E-03, -9.98312391E-02,  1.83912216E-03
  8.84000000E+02, -6.58291488E-03, -9.98554797E-02,  1.70244468E-03
  8.85000000E+02, -6.09206209E-03, -9.98762460E-02,  1.57592767E-03
  8.86000000E+02, -5.63759784E-03, -9.98940355E-02,  1.45882394E-03
  8.87000000E+02, -5.21683175E-03, -9.99092744E-02,  1.35044026E-03
  8.88000000E+02, -4.82726788E-03, -9.99223281E-02,  1.25013373E-03
  8.89000000E+02, -4.46659140E-03, -9.99335098E-02,  1.15730834E-03
  8.90000000E+02, -4.13265600E-03, -9.99430877E-02,  1.07141171E-03
  8.91000000E+02, -3.82347197E-03, -9.99512917E-02,  9.91932052E-04
  8.92000000E+02, -3.53719511E-03, -9.99583188E-02,  9.18395312E-04
  8.93000000E+02, -3.27211626E-03, -9.99643378E-02,  8.50362465E-04
  8.94000000E+02, -3.02665159E-03, -9.99694933E-02,  7.87427028E-04
  8.95000000E+02, -2.79933346E-03, -9.99739090E-02,  7.29212719E-04
  8.96000000E+02, -2.58880195E-03, -9.99776912E-02,  6.75371283E-04
  8.97000000E+02, -2.39379693E-03, -9.99809306E-02,  6.25580464E-04
  8.98000000E+02, -2.21315073E-03, -9.99837052E-02,  5.79542126E-04
  8.99000000E+02, -2.04578123E-03, -9.99860816E-02,  5.36980499E-04
  9.00000000E+02, -1.89068557E-03, -9.99881170E-02,  4.97640562E-04
  9.01000000E+02, -1.74693417E-03, -9.99898602E-02,  4.61286533E-04
  9.02000000E+02, -1.61366523E-03, -9.99913532E-02,  4.27700478E-04
  9.03000000E+02, -1.49007967E-03, -9.99926319E-02,  3.96681015E-04
  9.04000000E+02, -1.37543631E-03, -9.99937271E-02,  3.68042121E-04
  9.05000000E+02, -1.26904754E-03, -9.99946649E-02,  3.41612027E-04
  9.06000000E+02, -1.17027515E-03, -9.99954681E-02,  3.17232188E-04
  9.07000000E+02, -1.07852657E-03, -9.99961559E-02,  2.94756347E-04
  9.08000000E+02, -9.93251321E-04, -9.99967448E-02,  2.74049653E-04
  9.09000000E+02, -9.13937722E-04, -9.99972490E-02,  2.54987864E-04
  9.10000000E+02, -8.40109830E-04, -9.99976807E-02,  2.37456596E-04
  9.11000000E+02, -7.71324597E-04, -9.99980502E-02,  2.21350647E-04
  9.12000000E+02, -7.07169216E-04, -9.99983664E-02,  2.06573361E-04
  9.13000000E+02, -6.47258652E-04, -9.99986368E-02,  1.93036052E-04
  9.14000000E+02, -5.91233329E-04, -9.99988681E-02,  1.80657475E-04
  9.15000000E+02, -5.38756984E-04, -9.99990658E-02,  1.69363335E-04
  9.16000000E+02, -4.89514643E-04, -9.99992346E-02,  1.59085844E-04
  9.17000000E+02, -4.43210739E-04, -9.99993785E-02,  1.49763315E-04
  9.18000000E+02, -3.99567336E-04, -9.99995012E-02,  1.41339793E-04
  9.19000000E+02, -3.58322463E-04, -9.99996053E-02,  1.33764716E-04
  9.20000000E+02, -3.19228545E-04, -9.99996936E-02,  1.26992615E-04
  9.21000000E+02, -2.82050913E-04, -9.99997682E-02,  1.20982841E-04
  9.22000000E+02, -2.46566400E-04, -9.99998307E-02,  1.15699320E-04
  9.23000000E+02, -2.12562001E-04, -9.99998827E-02,  1.11110337E-04
  9.24000000E+02, -1.79833592E-04, -9.99999255E-02,  1.07188345E-04
  9.25000000E+02, -1.48184711E-04, -9.99999601E-02,  1.03909803E-04
  9.26000000E+02, -1.17425372E-04, -9.99999874E-02,  1.01255030E-04
  9.27000000E+02, -8.73709297E-05, -1.00000008E-01,  9.92080909E-05
  9.28000000E+02, -5.78409704E-05, -1.00000022E-01,  9.77566973E-05
  9.29000000E+02, -2.86582273E-05, -1.00000031E-01,  9.68921373E-05
  9.30000000E+02,  3.52481999E-07, -1.00000033E-01,  9.66092212E-05
  9.31000000E+02,  2.93653072E-05, -1.00000030E-01,  9.69062507E-05
  9.32000000E+02,  5.85544108E-05, -1.00000022E-01,  9.77850088E-05
  9.33000000E+02,  8.80950133E-05, -1.00000007E-01,  9.92507704E-05
  9.34000000E+02,  1.18164445E-04, -9.99999868E-02,  1.01312334E-04
  9.35000000E+02,  1.48943211E-04, -9.99999594E-02,  1.03982075E-04
  9.36000000E+02,  1.80616072E-04, -9.99999246E-02,  1.07276020E-04
  9.37000000E+02,  2.13373157E-04, -9.99998816E-02,  1.11213939E-04
  9.38000000E+02,  2.47411103E-04, -9.99998293E-02,  1.15819473E-04
  9.39000000E+02,  2.82934232E-04, -9.99997665E-02,  1.21120265E-04
  9.40000000E+02,  3.20155783E-04, -9.99996917E-02,  1.27148136E-04
  9.41000000E+02,  3.59299186E-04, -9.99996030E-02,  1.33939266E-04
  9.42000000E+02,  4.00599406E-04, -9.99994984E-02,  1.41534421E-04
  9.43000000E+02,  4.44304352E-04, -9.99993753E-02,  1.49979189E-04
  9.44000000E+02,  4.90676364E-04, -9.99992308E-02,  1.59324259E-04
  9.45000000E+02,  5.39993785E-04, -9.99990614E-02,  1.69625723E-04
  9.46000000E+02,  5.92552634E-04, -9.99988629E-02,  1.80945411E-04
  9.47000000E+02,  6.48668379E-04, -9.99986308E-02,  1.93351263E-04
  9.48000000E+02,  7.08677827E-04, -9.99983592E-02,  2.06917739E-04
  9.49000000E+02,  7.72941146E-04, -9.99980419E-02,  2.21726260E-04
  9.50000000E+02,  8.41844018E-04, -9.99976710E-02,  2.37865698E-04
  9.51000000E+02,  9.15799957E-04, -9.99972377E-02,  2.55432909E-04
  9.52000000E+02,  9.95252778E-04, -9.99967315E-02,  2.74533312E-04
  9.53000000E+02,  1.08067926E-03, -9.99961404E-02,  2.95281522E-04
  9.54000000E+02,  1.17259198E-03, -9.99954500E-02,  3.17802031E-04
  9.55000000E+02,  1.27154242E-03, -9.99946438E-02,  3.42229955E-04
  9.56000000E+02,  1.37812421E-03, -9.99937024E-02,  3.68711843E-04
  9.57000000E+02,  1.49297671E-03, -9.99926031E-02,  3.97406546E-04
  9.58000000E+02,  1.61678879E-03, -9.99913196E-02,  4.28486171E-04
  9.59000000E+02,  1.75030297E-03, -9.99898209E-02,  4.62137099E-04
  9.60000000E+02,  1.89431981E-03, -9.99880711E-02,  4.98561100E-04
  9.61000000E+02,  2.04970270E-03, -9.99860281E-02,  5.37976527E-04
  9.62000000E+02,  2.21738292E-03, -9.99836427E-02,  5.80619613E-04
  9.63000000E+02,  2.39836521E-03, -9.99808576E-02,  6.26745865E-04
  9.64000000E+02,  2.59373367E-03, -9.99776060E-02,  6.76631577E-04
  9.65000000E+02,  2.80465816E-03, -9.99738095E-02,  7.30575452E-04
  9.66000000E+02,  3.03240112E-03, -9.99693771E-02,  7.88900354E-04
  9.67000000E+02,  3.27832500E-03, -9.99642022E-02,  8.51955196E-04
  9.68000000E+02,  3.54390018E-03, -9.99581605E-02,  9.20116967E-04
  9.69000000E+02,  3.83071342E-03, -9.99511068E-02,  9.93792913E-04
  9.70000000E+02,  4.14047704E-03, -9.99428718E-02,  1.07342288E-03
  9.71000000E+02,  4.47503866E-03, -9.99332578E-02,  1.15948181E-03
  9.72000000E+02,  4.83639165E-03, -9.99220340E-02,  1.25248245E-03
  9.73000000E+02,  5.22668629E-03, -9.99089310E-02,  1.35297819E-03
  9.74000000E+02,  5.64824167E-03, -9.98936347E-02,  1.46156615E-03
  9.75000000E+02,  6.10355827E-03, -9.98757781E-02,  1.57889040E-03
  9.76000000E+02,  6.59533141E-03, -9.98549335E-02,  1.70564546E-03
  9.77000000E+02,  7.12646532E-03, -9.98306015E-02,  1.84257986E-03
  9.78000000E+02,  7.70008805E-03, -9.98021999E-02,  1.99050004E-03
  9.79000000E+02,  8.31956695E-03, -9.97690493E-02,  2.15027431E-03
  9.80000000E+02,  8.98852481E-03, -9.97303579E-02,  2.32283703E-03
  9.81000000E+02,  9.71085645E-03, -9.96852021E-02,  2.50919287E-03
  9.82000000E+02,  1.04907456E-02, -9.96325056E-02,  2.71042117E-03
  9.83000000E+02,  1.13326820E-02, -9.95710143E-02,  2.92768032E-03
  9.84000000E+02,  1.22414777E-02, -9.94992671E-02,  3.16221205E-03
  9.85000000E+02,  1.32222836E-02, -9.94155629E-02,  3.41534559E-03
  9.86000000E+02,  1.42806037E-02, -9.93179217E-02,  3.68850142E-03
  9.87000000E+02,  1.54223081E-02, -9.92040403E-02,  3.98319460E-03
  9.88000000E+02,  1.66536430E-02, -9.90712409E-02,  4.30103728E-03
  9.89000000E+02,  1.79812357E-02, -9.89164131E-02,  4.64374014E-03
  9.90000000E+02,  1.94120951E-02, -9.87359460E-02,  5.01311238E-03
  9.91000000E+02,  2.09536038E-02, -9.85256531E-02,  5.41105975E-03
  9.92000000E+02,  2.26135006E-02, -9.82806851E-02,  5.83957995E-03
  9.93000000E+02,  2.43998495E-02, -9.79954330E-02,  6.30075476E-03
  9.94000000E+02,  2.63209928E-02, -9.76634197E-02,  6.79673777E-03
  9.95000000E+02,  2.83854827E-02, -9.72771791E-02,  7.32973681E-03
  9.96000000E+02,  3.06019864E-02, -9.68281241E-02,  7.90198951E-03
  9.97000000E+02,  3.29791595E-02, -9.63064035E-02,  8.51573040E-03
  9.98000000E+02,  3.55254785E-02, -9.57007502E-02,  9.17314786E-03
  9.99000000E+02,  3.82490254E-02, -9.49983230E-02,  9.87632843E-03
  1.00000000E+03,  4.11572151E-02, -9.41845481E-02,  1.06271864E-02
